section,row,backbone,prompt_id,column,arm,condition,page_file,source_file,sha256,score_file,detector,clip_id,score,threshold,threshold_source,rule,decision
moshi,1,moshi,wildvoice_0955,Spoken prompt (WildVoice),,,audio/prompts/wildvoice_0955.wav,data/voicebench/wildvoice/wav/wildvoice_0955.wav,70b08cd1c90122ffb3d8bfbe9502e712c90715bb40f437aacfc326b3ab040675,,,,,,,,
moshi,1,moshi,wildvoice_0955,Unwatermarked,null,clean,audio/moshi/wildvoice_0955/clean/null.wav,runs/main/generate/moshi/null/natural/r0/TEST/shard7/clips/wildvoice_0955/audio.wav,4a3fd65ebb4927905cd96354990cc98fa983b194bfe6e0481c0fa40f2d857469,,,,,,,,
moshi,1,moshi,wildvoice_0955,Ours,spectral_v3_s4_d070,clean,audio/moshi/wildvoice_0955/clean/ours.wav,runs/main/generate/moshi/spectral_v3_s4_d070/natural/r0/TEST/shard7/clips/wildvoice_0955/audio.wav,3d3a1c7bf260344c502c30d0c08182064c68413e5b7a2e0cb867db6c81079588,pm2/scores_pm2_moshi.csv,spectral_native_s4,moshi/spectral_v3_s4_d070/natural/wildvoice_0955/r0,7.154644342193423,2.936414090662403,"report/pm2/test_s4_pm2_detection.csv (arm=spectral_v3_s4_d070, detector=spectral_native_s4, condition=clean, thr_fixed)",score > threshold,detected
moshi,1,moshi,wildvoice_0955,KGW,kgw_d2_s4,clean,audio/moshi/wildvoice_0955/clean/kgw.wav,runs/main/generate/moshi/kgw_d2_s4/natural/r0/TEST/shard7/clips/wildvoice_0955/audio.wav,dcae01e37fda9ca14916456058e9843e36d97feb658457d79dddf47acdf75e07,pm2/scores_pm2_moshi.csv,kgw_s4,moshi/kgw_d2_s4/natural/wildvoice_0955/r0,5.093846219037389,2.970442628930023,"report/pm2/test_s4_pm2_detection.csv (arm=kgw_d2_s4, detector=kgw_s4, condition=clean, thr_fixed)",score > threshold,detected
moshi,1,moshi,wildvoice_0955,Unwatermarked (FT decoder),null_wmar_ft,clean,audio/moshi/wildvoice_0955/clean/null_wmar.wav,runs/main/generate/moshi/null_wmar_ft/natural/r0/TEST/shard0/clips/wildvoice_0955/audio.wav,8fa7cfed132cb2abfa1b5f28051769cb7f8ba7ea57ed17f49cbd1f5502b63d48,,,,,,,,
moshi,1,moshi,wildvoice_0955,WMAR FT,wmar_ft,clean,audio/moshi/wildvoice_0955/clean/wmar.wav,runs/main/generate/moshi/wmar_ft/natural/r0/TEST/shard6/clips/wildvoice_0955/audio.wav,7dc82ae9f054aa601ad812e99f56024d8dd7ba5ff32066cc27257adbce715a76,detect/scores_wmar_ft.csv,kgw_s4,moshi/wmar_ft/natural/wildvoice_0955/r0,9.96615895540124,3.139492037959367,"strict_threshold(0.01) on null_wmar_ft r1-3 clean in detect/scores_wmar_ft.csv (n=1200), as in tools/wmar_cross_report.py",score > threshold,detected
moshi,1,moshi,wildvoice_0955,CRAW (post-hoc),posthoc_craw,clean,audio/moshi/wildvoice_0955/clean/craw.wav,runs/main/posthoc/moshi/craw/clips/moshi__posthoc_craw__natural__wildvoice_0955__r0.wav,88776611c65ca4ebd9c446430412965ebedcaff7950a53ea1d7fd8bd07290cb7,detect/scores_posthoc.csv,craw,moshi/posthoc_craw/natural/wildvoice_0955/r0,1.0,0.9,"report/posthoc/posthoc_test.csv (backbone=moshi, detector=craw, condition=clean, threshold)",score > threshold,detected
moshi,2,moshi,wildvoice_0467,Spoken prompt (WildVoice),,,audio/prompts/wildvoice_0467.wav,data/voicebench/wildvoice/wav/wildvoice_0467.wav,233dba907ae90f31e993c462bed54f3d47c3c2add51ed1a8d6bb31885865566f,,,,,,,,
moshi,2,moshi,wildvoice_0467,Unwatermarked,null,clean,audio/moshi/wildvoice_0467/clean/null.wav,runs/main/generate/moshi/null/natural/r0/TEST/shard3/clips/wildvoice_0467/audio.wav,db8ddeb45b5caf068d583aeffeb1dd29cc094b12522dc223d70e65a33ffc4306,,,,,,,,
moshi,2,moshi,wildvoice_0467,Ours,spectral_v3_s4_d070,clean,audio/moshi/wildvoice_0467/clean/ours.wav,runs/main/generate/moshi/spectral_v3_s4_d070/natural/r0/TEST/shard3/clips/wildvoice_0467/audio.wav,4b240c1d4992d393d24b7aae15b4068434446372cf0f7d9008ea96ab97478935,pm2/scores_pm2_moshi.csv,spectral_native_s4,moshi/spectral_v3_s4_d070/natural/wildvoice_0467/r0,11.19280703610615,2.936414090662403,"report/pm2/test_s4_pm2_detection.csv (arm=spectral_v3_s4_d070, detector=spectral_native_s4, condition=clean, thr_fixed)",score > threshold,detected
moshi,2,moshi,wildvoice_0467,KGW,kgw_d2_s4,clean,audio/moshi/wildvoice_0467/clean/kgw.wav,runs/main/generate/moshi/kgw_d2_s4/natural/r0/TEST/shard3/clips/wildvoice_0467/audio.wav,c51a192a7aa9715500088c7f0ba512982057dc4ff77a4bc86bdf9b1be69916d4,pm2/scores_pm2_moshi.csv,kgw_s4,moshi/kgw_d2_s4/natural/wildvoice_0467/r0,6.674894521074463,2.970442628930023,"report/pm2/test_s4_pm2_detection.csv (arm=kgw_d2_s4, detector=kgw_s4, condition=clean, thr_fixed)",score > threshold,detected
moshi,2,moshi,wildvoice_0467,Unwatermarked (FT decoder),null_wmar_ft,clean,audio/moshi/wildvoice_0467/clean/null_wmar.wav,runs/main/generate/moshi/null_wmar_ft/natural/r0/TEST/shard4/clips/wildvoice_0467/audio.wav,716875d73e323192dba310eb3170d7f419c8e8ed48e90ed87e74c016eade7c04,,,,,,,,
moshi,2,moshi,wildvoice_0467,WMAR FT,wmar_ft,clean,audio/moshi/wildvoice_0467/clean/wmar.wav,runs/main/generate/moshi/wmar_ft/natural/r0/TEST/shard6/clips/wildvoice_0467/audio.wav,114744792616160fdf27222a31531c09e2f59f361cf3805bbb3884b02836037e,detect/scores_wmar_ft.csv,kgw_s4,moshi/wmar_ft/natural/wildvoice_0467/r0,9.301796686049135,3.139492037959367,"strict_threshold(0.01) on null_wmar_ft r1-3 clean in detect/scores_wmar_ft.csv (n=1200), as in tools/wmar_cross_report.py",score > threshold,detected
moshi,2,moshi,wildvoice_0467,CRAW (post-hoc),posthoc_craw,clean,audio/moshi/wildvoice_0467/clean/craw.wav,runs/main/posthoc/moshi/craw/clips/moshi__posthoc_craw__natural__wildvoice_0467__r0.wav,bd487a5dc99fb4217263f75b581920b2f71bd8fe7125a11235712e0415c1d59c,detect/scores_posthoc.csv,craw,moshi/posthoc_craw/natural/wildvoice_0467/r0,1.0,0.9,"report/posthoc/posthoc_test.csv (backbone=moshi, detector=craw, condition=clean, threshold)",score > threshold,detected
moshi,3,moshi,wildvoice_0792,Spoken prompt (WildVoice),,,audio/prompts/wildvoice_0792.wav,data/voicebench/wildvoice/wav/wildvoice_0792.wav,766dddd264c1df80d387a80ec38dbf1c8db3717da90b2ba34a49b8401bf977c3,,,,,,,,
moshi,3,moshi,wildvoice_0792,Unwatermarked,null,clean,audio/moshi/wildvoice_0792/clean/null.wav,runs/main/generate/moshi/null/natural/r0/TEST/shard6/clips/wildvoice_0792/audio.wav,17f6191d029527947176fa034fcc24f34fd1550a924fe33d8281cf895297a1f2,,,,,,,,
moshi,3,moshi,wildvoice_0792,Ours,spectral_v3_s4_d070,clean,audio/moshi/wildvoice_0792/clean/ours.wav,runs/main/generate/moshi/spectral_v3_s4_d070/natural/r0/TEST/shard6/clips/wildvoice_0792/audio.wav,a586ec62e3e4896b1683d6ef7b988a7a42d26b50d181ad266af2ed67db4db645,pm2/scores_pm2_moshi.csv,spectral_native_s4,moshi/spectral_v3_s4_d070/natural/wildvoice_0792/r0,3.014824252513139,2.936414090662403,"report/pm2/test_s4_pm2_detection.csv (arm=spectral_v3_s4_d070, detector=spectral_native_s4, condition=clean, thr_fixed)",score > threshold,detected
moshi,3,moshi,wildvoice_0792,KGW,kgw_d2_s4,clean,audio/moshi/wildvoice_0792/clean/kgw.wav,runs/main/generate/moshi/kgw_d2_s4/natural/r0/TEST/shard6/clips/wildvoice_0792/audio.wav,2a40d192c26059d202062142360d5467c35603ef9f66d8eda3c2efe86798f1b9,pm2/scores_pm2_moshi.csv,kgw_s4,moshi/kgw_d2_s4/natural/wildvoice_0792/r0,4.230298433515218,2.970442628930023,"report/pm2/test_s4_pm2_detection.csv (arm=kgw_d2_s4, detector=kgw_s4, condition=clean, thr_fixed)",score > threshold,detected
moshi,3,moshi,wildvoice_0792,Unwatermarked (FT decoder),null_wmar_ft,clean,audio/moshi/wildvoice_0792/clean/null_wmar.wav,runs/main/generate/moshi/null_wmar_ft/natural/r0/TEST/shard6/clips/wildvoice_0792/audio.wav,35bed50ae9037f1a5b00c1f28d41d5d8cf9fb3bd2c3b4bfb014541744dd54003,,,,,,,,
moshi,3,moshi,wildvoice_0792,WMAR FT,wmar_ft,clean,audio/moshi/wildvoice_0792/clean/wmar.wav,runs/main/generate/moshi/wmar_ft/natural/r0/TEST/shard6/clips/wildvoice_0792/audio.wav,ddeccc1faae71df0cdac950a527ddfd9e98c465c982d4355f42a94a5ace221f3,detect/scores_wmar_ft.csv,kgw_s4,moshi/wmar_ft/natural/wildvoice_0792/r0,4.45896321370523,3.139492037959367,"strict_threshold(0.01) on null_wmar_ft r1-3 clean in detect/scores_wmar_ft.csv (n=1200), as in tools/wmar_cross_report.py",score > threshold,detected
moshi,3,moshi,wildvoice_0792,CRAW (post-hoc),posthoc_craw,clean,audio/moshi/wildvoice_0792/clean/craw.wav,runs/main/posthoc/moshi/craw/clips/moshi__posthoc_craw__natural__wildvoice_0792__r0.wav,3347b1c0c7698f4cfdcf920e341899a568eb788265e9d44725add16c1d23d6ea,detect/scores_posthoc.csv,craw,moshi/posthoc_craw/natural/wildvoice_0792/r0,1.0,0.9,"report/posthoc/posthoc_test.csv (backbone=moshi, detector=craw, condition=clean, threshold)",score > threshold,detected
robust_moshi,As generated,moshi,wildvoice_0955,Unwatermarked,null,clean,audio/robust_moshi/wildvoice_0955/clean/null.wav,runs/main/generate/moshi/null/natural/r0/TEST/shard7/clips/wildvoice_0955/audio.wav,4a3fd65ebb4927905cd96354990cc98fa983b194bfe6e0481c0fa40f2d857469,,,,,,,,
robust_moshi,As generated,moshi,wildvoice_0955,Ours,spectral_v3_s4_d070,clean,audio/robust_moshi/wildvoice_0955/clean/ours.wav,runs/main/generate/moshi/spectral_v3_s4_d070/natural/r0/TEST/shard7/clips/wildvoice_0955/audio.wav,3d3a1c7bf260344c502c30d0c08182064c68413e5b7a2e0cb867db6c81079588,pm2/scores_pm2_moshi.csv,spectral_native_s4,moshi/spectral_v3_s4_d070/natural/wildvoice_0955/r0,7.154644342193423,2.936414090662403,"report/pm2/test_s4_pm2_detection.csv (arm=spectral_v3_s4_d070, detector=spectral_native_s4, condition=clean, thr_fixed)",score > threshold,detected
robust_moshi,As generated,moshi,wildvoice_0955,KGW,kgw_d2_s4,clean,audio/robust_moshi/wildvoice_0955/clean/kgw.wav,runs/main/generate/moshi/kgw_d2_s4/natural/r0/TEST/shard7/clips/wildvoice_0955/audio.wav,dcae01e37fda9ca14916456058e9843e36d97feb658457d79dddf47acdf75e07,pm2/scores_pm2_moshi.csv,kgw_s4,moshi/kgw_d2_s4/natural/wildvoice_0955/r0,5.093846219037389,2.970442628930023,"report/pm2/test_s4_pm2_detection.csv (arm=kgw_d2_s4, detector=kgw_s4, condition=clean, thr_fixed)",score > threshold,detected
robust_moshi,As generated,moshi,wildvoice_0955,WMAR FT,wmar_ft,clean,audio/robust_moshi/wildvoice_0955/clean/wmar.wav,runs/main/generate/moshi/wmar_ft/natural/r0/TEST/shard6/clips/wildvoice_0955/audio.wav,7dc82ae9f054aa601ad812e99f56024d8dd7ba5ff32066cc27257adbce715a76,detect/scores_wmar_ft.csv,kgw_s4,moshi/wmar_ft/natural/wildvoice_0955/r0,9.96615895540124,3.139492037959367,"strict_threshold(0.01) on null_wmar_ft r1-3 clean in detect/scores_wmar_ft.csv (n=1200), as in tools/wmar_cross_report.py",score > threshold,detected
robust_moshi,As generated,moshi,wildvoice_0955,CRAW (post-hoc),posthoc_craw,clean,audio/robust_moshi/wildvoice_0955/clean/craw.wav,runs/main/posthoc/moshi/craw/clips/moshi__posthoc_craw__natural__wildvoice_0955__r0.wav,88776611c65ca4ebd9c446430412965ebedcaff7950a53ea1d7fd8bd07290cb7,detect/scores_posthoc.csv,craw,moshi/posthoc_craw/natural/wildvoice_0955/r0,1.0,0.9,"report/posthoc/posthoc_test.csv (backbone=moshi, detector=craw, condition=clean, threshold)",score > threshold,detected
robust_moshi,Mimi × 1,moshi,wildvoice_0955,Unwatermarked,null,mimi_x1,audio/robust_moshi/wildvoice_0955/mimi_x1/null.wav,runs/main/attack/full/mimi/pass_1/moshi__null__natural__wildvoice_0955__r0.wav,06fa354f7289df635582648638aa16fed876630192360eada00f806cf89de689,,,,,,,,
robust_moshi,Mimi × 1,moshi,wildvoice_0955,Ours,spectral_v3_s4_d070,mimi_x1,audio/robust_moshi/wildvoice_0955/mimi_x1/ours.wav,runs/main/attack/full/mimi/pass_1/moshi__spectral_v3_s4_d070__natural__wildvoice_0955__r0.wav,570ae33c5387a694ab1387120cc3e36781d9625a1250a71771a8dfbf0960cd88,pm2/scores_pm2_moshi.csv,spectral_native_s4,moshi/spectral_v3_s4_d070/natural/wildvoice_0955/r0,7.182241324666278,2.936414090662403,"report/pm2/test_s4_pm2_detection.csv (arm=spectral_v3_s4_d070, detector=spectral_native_s4, condition=clean, thr_fixed)",score > threshold,detected
robust_moshi,Mimi × 1,moshi,wildvoice_0955,KGW,kgw_d2_s4,mimi_x1,audio/robust_moshi/wildvoice_0955/mimi_x1/kgw.wav,runs/main/attack/full/mimi/pass_1/moshi__kgw_d2_s4__natural__wildvoice_0955__r0.wav,e069f5d5a082afd5432136b33385233f9e21a67df0ca5dba370767758d1d6c74,pm2/scores_pm2_moshi.csv,kgw_s4,moshi/kgw_d2_s4/natural/wildvoice_0955/r0,4.108980522006957,2.970442628930023,"report/pm2/test_s4_pm2_detection.csv (arm=kgw_d2_s4, detector=kgw_s4, condition=clean, thr_fixed)",score > threshold,detected
robust_moshi,Mimi × 1,moshi,wildvoice_0955,WMAR FT,wmar_ft,mimi_x1,audio/robust_moshi/wildvoice_0955/mimi_x1/wmar.wav,runs/main/attack/full/mimi/pass_1/moshi__wmar_ft__natural__wildvoice_0955__r0.wav,5b4b417fe06091849295735852c1be1a5cc963d4c072474966e34570bfaaa987,detect/scores_wmar_ft.csv,kgw_s4,moshi/wmar_ft/natural/wildvoice_0955/r0,4.505657818893084,3.139492037959367,"strict_threshold(0.01) on null_wmar_ft r1-3 clean in detect/scores_wmar_ft.csv (n=1200), as in tools/wmar_cross_report.py",score > threshold,detected
robust_moshi,Mimi × 1,moshi,wildvoice_0955,CRAW (post-hoc),posthoc_craw,mimi_x1,audio/robust_moshi/wildvoice_0955/mimi_x1/craw.wav,runs/main/attack_posthoc/moshi/mimi/pass_1/moshi__posthoc_craw__natural__wildvoice_0955__r0.wav,1443b12f8de583dac02231c7c9e5edbe8ec4b01b5f5931b199adc3660ac7feaa,detect/scores_posthoc.csv,craw,moshi/posthoc_craw/natural/wildvoice_0955/r0,0.9,0.9,"report/posthoc/posthoc_test.csv (backbone=moshi, detector=craw, condition=clean, threshold)",score > threshold,not detected
robust_moshi,Mimi × 8,moshi,wildvoice_0955,Unwatermarked,null,mimi_x8,audio/robust_moshi/wildvoice_0955/mimi_x8/null.wav,runs/main/attack/full/mimi/pass_8/moshi__null__natural__wildvoice_0955__r0.wav,73e096f8605b554ec54167d62f8aa579c3fb0e9f277e7f43258fad1ddd8af53e,,,,,,,,
robust_moshi,Mimi × 8,moshi,wildvoice_0955,Ours,spectral_v3_s4_d070,mimi_x8,audio/robust_moshi/wildvoice_0955/mimi_x8/ours.wav,runs/main/attack/full/mimi/pass_8/moshi__spectral_v3_s4_d070__natural__wildvoice_0955__r0.wav,afd243dbbea5eafd91f2f376e42a2312989585bc6dc9e80c4faf73624a779e32,pm2/scores_pm2_moshi.csv,spectral_native_s4,moshi/spectral_v3_s4_d070/natural/wildvoice_0955/r0,5.189881816052098,2.936414090662403,"report/pm2/test_s4_pm2_detection.csv (arm=spectral_v3_s4_d070, detector=spectral_native_s4, condition=clean, thr_fixed)",score > threshold,detected
robust_moshi,Mimi × 8,moshi,wildvoice_0955,KGW,kgw_d2_s4,mimi_x8,audio/robust_moshi/wildvoice_0955/mimi_x8/kgw.wav,runs/main/attack/full/mimi/pass_8/moshi__kgw_d2_s4__natural__wildvoice_0955__r0.wav,b17881dbc67dc56fe32496ac6914c961a5bbf209e242f14a5fcdd12c3f6a8a05,pm2/scores_pm2_moshi.csv,kgw_s4,moshi/kgw_d2_s4/natural/wildvoice_0955/r0,2.5471335405424664,2.970442628930023,"report/pm2/test_s4_pm2_detection.csv (arm=kgw_d2_s4, detector=kgw_s4, condition=clean, thr_fixed)",score > threshold,not detected
robust_moshi,Mimi × 8,moshi,wildvoice_0955,WMAR FT,wmar_ft,mimi_x8,audio/robust_moshi/wildvoice_0955/mimi_x8/wmar.wav,runs/main/attack/full/mimi/pass_8/moshi__wmar_ft__natural__wildvoice_0955__r0.wav,d5a97f9046f9ebe89cd3db47af84e33d8fce4864172f34e47df3aad6b8579c46,detect/scores_wmar_ft.csv,kgw_s4,moshi/wmar_ft/natural/wildvoice_0955/r0,1.160740861398162,3.139492037959367,"strict_threshold(0.01) on null_wmar_ft r1-3 clean in detect/scores_wmar_ft.csv (n=1200), as in tools/wmar_cross_report.py",score > threshold,not detected
robust_moshi,Mimi × 8,moshi,wildvoice_0955,CRAW (post-hoc),posthoc_craw,mimi_x8,audio/robust_moshi/wildvoice_0955/mimi_x8/craw.wav,runs/main/attack_posthoc/moshi/mimi/pass_8/moshi__posthoc_craw__natural__wildvoice_0955__r0.wav,c207394e644cd28031c69b8f46244917655f5a35c5d5bdafd16460b2f37f73c6,detect/scores_posthoc.csv,craw,moshi/posthoc_craw/natural/wildvoice_0955/r0,0.7,0.9,"report/posthoc/posthoc_test.csv (backbone=moshi, detector=craw, condition=clean, threshold)",score > threshold,not detected
robust_moshi,EnCodec 6 kbps × 8,moshi,wildvoice_0955,Unwatermarked,null,encodec6k_x8,audio/robust_moshi/wildvoice_0955/encodec6k_x8/null.wav,runs/main/attack/full/encodec6k/pass_8/moshi__null__natural__wildvoice_0955__r0.wav,83c89328cbb8090036270d47c4a3a01c50a8d3a5de06f7c48a495c66c4c1723e,,,,,,,,
robust_moshi,EnCodec 6 kbps × 8,moshi,wildvoice_0955,Ours,spectral_v3_s4_d070,encodec6k_x8,audio/robust_moshi/wildvoice_0955/encodec6k_x8/ours.wav,runs/main/attack/full/encodec6k/pass_8/moshi__spectral_v3_s4_d070__natural__wildvoice_0955__r0.wav,4ac0efbe10736f10fcf3b19ffddc316d727a459fdf7ef0055a4f2068d0ee116c,pm2/scores_pm2_moshi.csv,spectral_native_s4,moshi/spectral_v3_s4_d070/natural/wildvoice_0955/r0,5.301831869431737,2.936414090662403,"report/pm2/test_s4_pm2_detection.csv (arm=spectral_v3_s4_d070, detector=spectral_native_s4, condition=clean, thr_fixed)",score > threshold,detected
robust_moshi,EnCodec 6 kbps × 8,moshi,wildvoice_0955,KGW,kgw_d2_s4,encodec6k_x8,audio/robust_moshi/wildvoice_0955/encodec6k_x8/kgw.wav,runs/main/attack/full/encodec6k/pass_8/moshi__kgw_d2_s4__natural__wildvoice_0955__r0.wav,8e766330d98f7f8e1189655f8171cd1562e204e96edcb1ec2c5c48c0354b8255,pm2/scores_pm2_moshi.csv,kgw_s4,moshi/kgw_d2_s4/natural/wildvoice_0955/r0,1.2961481396815722,2.970442628930023,"report/pm2/test_s4_pm2_detection.csv (arm=kgw_d2_s4, detector=kgw_s4, condition=clean, thr_fixed)",score > threshold,not detected
robust_moshi,EnCodec 6 kbps × 8,moshi,wildvoice_0955,WMAR FT,wmar_ft,encodec6k_x8,audio/robust_moshi/wildvoice_0955/encodec6k_x8/wmar.wav,runs/main/attack/full/encodec6k/pass_8/moshi__wmar_ft__natural__wildvoice_0955__r0.wav,e9be9f53ca5acb882e5a517c6d6d653b81aa86441b3c10dcbea224c90f8b2d95,detect/scores_wmar_ft.csv,kgw_s4,moshi/wmar_ft/natural/wildvoice_0955/r0,1.428031835944598,3.139492037959367,"strict_threshold(0.01) on null_wmar_ft r1-3 clean in detect/scores_wmar_ft.csv (n=1200), as in tools/wmar_cross_report.py",score > threshold,not detected
robust_moshi,EnCodec 6 kbps × 8,moshi,wildvoice_0955,CRAW (post-hoc),posthoc_craw,encodec6k_x8,audio/robust_moshi/wildvoice_0955/encodec6k_x8/craw.wav,runs/main/attack_posthoc/moshi/encodec6k/pass_8/moshi__posthoc_craw__natural__wildvoice_0955__r0.wav,057cec670c7219fa8ab5030ad8c278b4a5b58f5e548629e86764cacf5e13cc40,detect/scores_posthoc.csv,craw,moshi/posthoc_craw/natural/wildvoice_0955/r0,0.9,0.9,"report/posthoc/posthoc_test.csv (backbone=moshi, detector=craw, condition=clean, threshold)",score > threshold,not detected
robust_moshi,DAC 16 kHz × 8,moshi,wildvoice_0955,Unwatermarked,null,dac16_x8,audio/robust_moshi/wildvoice_0955/dac16_x8/null.wav,runs/main/attack/full/dac16/pass_8/moshi__null__natural__wildvoice_0955__r0.wav,eea27eee482cf78f6b7594d416e11ae1cb5c4a890f1062d2821f26223be04fc6,,,,,,,,
robust_moshi,DAC 16 kHz × 8,moshi,wildvoice_0955,Ours,spectral_v3_s4_d070,dac16_x8,audio/robust_moshi/wildvoice_0955/dac16_x8/ours.wav,runs/main/attack/full/dac16/pass_8/moshi__spectral_v3_s4_d070__natural__wildvoice_0955__r0.wav,fb1fc592b47bd86611eeb0da373d9811cb7cd94d0ae493b140963f66e94b8637,pm2/scores_pm2_moshi.csv,spectral_native_s4,moshi/spectral_v3_s4_d070/natural/wildvoice_0955/r0,1.410837834976709,2.936414090662403,"report/pm2/test_s4_pm2_detection.csv (arm=spectral_v3_s4_d070, detector=spectral_native_s4, condition=clean, thr_fixed)",score > threshold,not detected
robust_moshi,DAC 16 kHz × 8,moshi,wildvoice_0955,KGW,kgw_d2_s4,dac16_x8,audio/robust_moshi/wildvoice_0955/dac16_x8/kgw.wav,runs/main/attack/full/dac16/pass_8/moshi__kgw_d2_s4__natural__wildvoice_0955__r0.wav,8bbda53bf840c1c785fb696fb00be9221fa9de3e3e5d15ef1e70d32a4f6657bf,pm2/scores_pm2_moshi.csv,kgw_s4,moshi/kgw_d2_s4/natural/wildvoice_0955/r0,1.671277095022601,2.970442628930023,"report/pm2/test_s4_pm2_detection.csv (arm=kgw_d2_s4, detector=kgw_s4, condition=clean, thr_fixed)",score > threshold,not detected
robust_moshi,DAC 16 kHz × 8,moshi,wildvoice_0955,WMAR FT,wmar_ft,dac16_x8,audio/robust_moshi/wildvoice_0955/dac16_x8/wmar.wav,runs/main/attack/full/dac16/pass_8/moshi__wmar_ft__natural__wildvoice_0955__r0.wav,5eb38aa0915f45ac6a51ee8f305f31deb1eab531bad4cacaff453bf9e6d0b9ae,detect/scores_wmar_ft.csv,kgw_s4,moshi/wmar_ft/natural/wildvoice_0955/r0,2.3873716466012227,3.139492037959367,"strict_threshold(0.01) on null_wmar_ft r1-3 clean in detect/scores_wmar_ft.csv (n=1200), as in tools/wmar_cross_report.py",score > threshold,not detected
robust_moshi,DAC 16 kHz × 8,moshi,wildvoice_0955,CRAW (post-hoc),posthoc_craw,dac16_x8,audio/robust_moshi/wildvoice_0955/dac16_x8/craw.wav,runs/main/attack_posthoc/moshi/dac16/pass_8/moshi__posthoc_craw__natural__wildvoice_0955__r0.wav,91d45aced39352c19056f57502e6f0a97daa850d17437a4074076bae47cdf213,detect/scores_posthoc.csv,craw,moshi/posthoc_craw/natural/wildvoice_0955/r0,0.9,0.9,"report/posthoc/posthoc_test.csv (backbone=moshi, detector=craw, condition=clean, threshold)",score > threshold,not detected
cosyvoice3,1,cosyvoice3,text_eval_00909,Unwatermarked,cosy_null,clean,audio/cosyvoice3/text_eval_00909/clean/null.wav,runs/main/generate/cosyvoice3/cosy_null/natural/r0/TEST/shard7/clips/text_eval_00909/audio.wav,784476fa76d7deb9f297af5226550c6c877a04070bc2e99170328010f7c3085c,,,,,,,,
cosyvoice3,1,cosyvoice3,text_eval_00909,Ours,cosy_v3_d090,clean,audio/cosyvoice3/text_eval_00909/clean/ours.wav,runs/main/generate/cosyvoice3/cosy_v3_d090/natural/r0/TEST/shard7/clips/text_eval_00909/audio.wav,dbf1f59565865e462e28aa998b176826504e6347e5da4a6f9394a88c9fa27111,pm2/scores_pm2_cosy.csv,spectral_native,cosyvoice3/cosy_v3_d090/natural/text_eval_00909/r0,8.791551078491086,2.804111879814744,"report/pm2/cosy_test_pm2_detection.csv (arm=cosy_v3_d090, detector=spectral_native, condition=clean, thr_fixed)",score > threshold,detected
cosyvoice3,1,cosyvoice3,text_eval_00909,KGW,cosy_kgw_d2,clean,audio/cosyvoice3/text_eval_00909/clean/kgw.wav,runs/main/generate/cosyvoice3/cosy_kgw_d2/natural/r0/TEST/shard7/clips/text_eval_00909/audio.wav,03cff8b5b7098cdea45bad281c9bc42cfdc0e34c66db50f5ead0e9d2a7eb4def,pm2/scores_pm2_cosy.csv,cosy_kgw,cosyvoice3/cosy_kgw_d2/natural/text_eval_00909/r0,7.148148148148148,2.99572344757639,"report/pm2/cosy_test_pm2_detection.csv (arm=cosy_kgw_d2, detector=cosy_kgw, condition=clean, thr_fixed)",score > threshold,detected
cosyvoice3,1,cosyvoice3,text_eval_00909,CRAW (post-hoc),posthoc_craw,clean,audio/cosyvoice3/text_eval_00909/clean/craw.wav,runs/main/posthoc/cosyvoice3/craw/clips/cosyvoice3__posthoc_craw__natural__text_eval_00909__r0.wav,7a92c655077147d76d34d1f2bc98af03e59be122b274ced0d5de22d2eba91a71,detect/scores_posthoc.csv,craw,cosyvoice3/posthoc_craw/natural/text_eval_00909/r0,1.0,0.8,"report/posthoc/posthoc_test.csv (backbone=cosyvoice3, detector=craw, condition=clean, threshold)",score > threshold,detected
cosyvoice3,2,cosyvoice3,text_eval_00122,Unwatermarked,cosy_null,clean,audio/cosyvoice3/text_eval_00122/clean/null.wav,runs/main/generate/cosyvoice3/cosy_null/natural/r0/TEST/shard0/clips/text_eval_00122/audio.wav,ec9063b8a2605e8dfa37fcfadf6226e9fd37323e68a72d508792d11519ddd251,,,,,,,,
cosyvoice3,2,cosyvoice3,text_eval_00122,Ours,cosy_v3_d090,clean,audio/cosyvoice3/text_eval_00122/clean/ours.wav,runs/main/generate/cosyvoice3/cosy_v3_d090/natural/r0/TEST/shard0/clips/text_eval_00122/audio.wav,cc649403ce69a67a9aec5c63a40cedbd54e080e2075e6d4abaa852b74a8a0202,pm2/scores_pm2_cosy.csv,spectral_native,cosyvoice3/cosy_v3_d090/natural/text_eval_00122/r0,7.574440533143012,2.804111879814744,"report/pm2/cosy_test_pm2_detection.csv (arm=cosy_v3_d090, detector=spectral_native, condition=clean, thr_fixed)",score > threshold,detected
cosyvoice3,2,cosyvoice3,text_eval_00122,KGW,cosy_kgw_d2,clean,audio/cosyvoice3/text_eval_00122/clean/kgw.wav,runs/main/generate/cosyvoice3/cosy_kgw_d2/natural/r0/TEST/shard0/clips/text_eval_00122/audio.wav,2f14510cd83e498487a19175cae79a67c74bfe60496090e008cce163d0c4c420,pm2/scores_pm2_cosy.csv,cosy_kgw,cosyvoice3/cosy_kgw_d2/natural/text_eval_00122/r0,7.043607250604991,2.99572344757639,"report/pm2/cosy_test_pm2_detection.csv (arm=cosy_kgw_d2, detector=cosy_kgw, condition=clean, thr_fixed)",score > threshold,detected
cosyvoice3,2,cosyvoice3,text_eval_00122,CRAW (post-hoc),posthoc_craw,clean,audio/cosyvoice3/text_eval_00122/clean/craw.wav,runs/main/posthoc/cosyvoice3/craw/clips/cosyvoice3__posthoc_craw__natural__text_eval_00122__r0.wav,158ab427dd760eaac87b4b090a0f2b77d2eaf794fde65e610dc75e1d83f2fad6,detect/scores_posthoc.csv,craw,cosyvoice3/posthoc_craw/natural/text_eval_00122/r0,1.0,0.8,"report/posthoc/posthoc_test.csv (backbone=cosyvoice3, detector=craw, condition=clean, threshold)",score > threshold,detected
cosyvoice3,3,cosyvoice3,text_eval_00899,Unwatermarked,cosy_null,clean,audio/cosyvoice3/text_eval_00899/clean/null.wav,runs/main/generate/cosyvoice3/cosy_null/natural/r0/TEST/shard7/clips/text_eval_00899/audio.wav,b9ec5706c788bd6bfb6e6a59a6b051592d654b7264a231be706943ec0d30a006,,,,,,,,
cosyvoice3,3,cosyvoice3,text_eval_00899,Ours,cosy_v3_d090,clean,audio/cosyvoice3/text_eval_00899/clean/ours.wav,runs/main/generate/cosyvoice3/cosy_v3_d090/natural/r0/TEST/shard7/clips/text_eval_00899/audio.wav,ad7b4fa93845e6bc0576e74a5379ccbd8d258820828f3e3aca580e09519dd3a2,pm2/scores_pm2_cosy.csv,spectral_native,cosyvoice3/cosy_v3_d090/natural/text_eval_00899/r0,5.403236420155584,2.804111879814744,"report/pm2/cosy_test_pm2_detection.csv (arm=cosy_v3_d090, detector=spectral_native, condition=clean, thr_fixed)",score > threshold,detected
cosyvoice3,3,cosyvoice3,text_eval_00899,KGW,cosy_kgw_d2,clean,audio/cosyvoice3/text_eval_00899/clean/kgw.wav,runs/main/generate/cosyvoice3/cosy_kgw_d2/natural/r0/TEST/shard7/clips/text_eval_00899/audio.wav,819639de72dea7b4f68a076dfe009c29bae3410803cb9b81604d2c8a3b3cb070,pm2/scores_pm2_cosy.csv,cosy_kgw,cosyvoice3/cosy_kgw_d2/natural/text_eval_00899/r0,4.242640687119286,2.99572344757639,"report/pm2/cosy_test_pm2_detection.csv (arm=cosy_kgw_d2, detector=cosy_kgw, condition=clean, thr_fixed)",score > threshold,detected
cosyvoice3,3,cosyvoice3,text_eval_00899,CRAW (post-hoc),posthoc_craw,clean,audio/cosyvoice3/text_eval_00899/clean/craw.wav,runs/main/posthoc/cosyvoice3/craw/clips/cosyvoice3__posthoc_craw__natural__text_eval_00899__r0.wav,7b197090fb6f61eb6de91106c07575e882549357c21603f571b6b31f69a9d520,detect/scores_posthoc.csv,craw,cosyvoice3/posthoc_craw/natural/text_eval_00899/r0,1.0,0.8,"report/posthoc/posthoc_test.csv (backbone=cosyvoice3, detector=craw, condition=clean, threshold)",score > threshold,detected
robust_cosyvoice3,As generated,cosyvoice3,text_eval_00909,Unwatermarked,cosy_null,clean,audio/robust_cosyvoice3/text_eval_00909/clean/null.wav,runs/main/generate/cosyvoice3/cosy_null/natural/r0/TEST/shard7/clips/text_eval_00909/audio.wav,784476fa76d7deb9f297af5226550c6c877a04070bc2e99170328010f7c3085c,,,,,,,,
robust_cosyvoice3,As generated,cosyvoice3,text_eval_00909,Ours,cosy_v3_d090,clean,audio/robust_cosyvoice3/text_eval_00909/clean/ours.wav,runs/main/generate/cosyvoice3/cosy_v3_d090/natural/r0/TEST/shard7/clips/text_eval_00909/audio.wav,dbf1f59565865e462e28aa998b176826504e6347e5da4a6f9394a88c9fa27111,pm2/scores_pm2_cosy.csv,spectral_native,cosyvoice3/cosy_v3_d090/natural/text_eval_00909/r0,8.791551078491086,2.804111879814744,"report/pm2/cosy_test_pm2_detection.csv (arm=cosy_v3_d090, detector=spectral_native, condition=clean, thr_fixed)",score > threshold,detected
robust_cosyvoice3,As generated,cosyvoice3,text_eval_00909,KGW,cosy_kgw_d2,clean,audio/robust_cosyvoice3/text_eval_00909/clean/kgw.wav,runs/main/generate/cosyvoice3/cosy_kgw_d2/natural/r0/TEST/shard7/clips/text_eval_00909/audio.wav,03cff8b5b7098cdea45bad281c9bc42cfdc0e34c66db50f5ead0e9d2a7eb4def,pm2/scores_pm2_cosy.csv,cosy_kgw,cosyvoice3/cosy_kgw_d2/natural/text_eval_00909/r0,7.148148148148148,2.99572344757639,"report/pm2/cosy_test_pm2_detection.csv (arm=cosy_kgw_d2, detector=cosy_kgw, condition=clean, thr_fixed)",score > threshold,detected
robust_cosyvoice3,CosyVoice3 codec (native) × 8,cosyvoice3,text_eval_00909,Unwatermarked,cosy_null,cosy_resyn_x8,audio/robust_cosyvoice3/text_eval_00909/cosy_resyn_x8/null.wav,runs/main/attack_cosy/resyn/cosy_resyn/pass_8/cosyvoice3__cosy_null__natural__text_eval_00909__r0.wav,9863bf51c4f71881cf552c3a2d2026ea77e980f117fa9ffa3360963d8cb234a3,,,,,,,,
robust_cosyvoice3,CosyVoice3 codec (native) × 8,cosyvoice3,text_eval_00909,Ours,cosy_v3_d090,cosy_resyn_x8,audio/robust_cosyvoice3/text_eval_00909/cosy_resyn_x8/ours.wav,runs/main/attack_cosy_test/resyn/cosy_resyn/pass_8/cosyvoice3__cosy_v3_d090__natural__text_eval_00909__r0.wav,aef8b6356328d9890493bcf2f6132dc74da8ac9f4ce844e354fb73ce1eb763b5,pm2/scores_pm2_cosy.csv,spectral_native,cosyvoice3/cosy_v3_d090/natural/text_eval_00909/r0,6.884824922904954,2.804111879814744,"report/pm2/cosy_test_pm2_detection.csv (arm=cosy_v3_d090, detector=spectral_native, condition=clean, thr_fixed)",score > threshold,detected
robust_cosyvoice3,CosyVoice3 codec (native) × 8,cosyvoice3,text_eval_00909,KGW,cosy_kgw_d2,cosy_resyn_x8,audio/robust_cosyvoice3/text_eval_00909/cosy_resyn_x8/kgw.wav,runs/main/attack_cosy/resyn/cosy_resyn/pass_8/cosyvoice3__cosy_kgw_d2__natural__text_eval_00909__r0.wav,eeba1c448744554e7f3b0147b2dcb42a72eab01eea729f07dd58db82ca75fc5c,pm2/scores_pm2_cosy.csv,cosy_kgw,cosyvoice3/cosy_kgw_d2/natural/text_eval_00909/r0,0.753370803500884,2.99572344757639,"report/pm2/cosy_test_pm2_detection.csv (arm=cosy_kgw_d2, detector=cosy_kgw, condition=clean, thr_fixed)",score > threshold,not detected
moss,1,moss,text_eval_00434,Unwatermarked,moss_null,clean,audio/moss/text_eval_00434/clean/null.wav,runs/main/generate/moss/moss_null/natural/r0/TEST/shard3/clips/text_eval_00434/audio.wav,db7d9fc11f0788555544dcd58dbab5bffeebe551b857ba53885857eafc625b3e,,,,,,,,
moss,1,moss,text_eval_00434,Ours,moss_lib16_d090,clean,audio/moss/text_eval_00434/clean/ours.wav,runs/main/generate/moss/moss_lib16_d090/natural/r0/TEST/shard3/clips/text_eval_00434/audio.wav,7e31779ac0f20afc5262f305fa18fe93a9360073dde8ba29336f74a55d02145f,moss_lib16/scores_pm2_mosslib16.csv,spectral_native_lib16,moss/moss_lib16_d090/natural/text_eval_00434/r0,24.37855121222165,2.961733821158714,"report/mosslib16/mosslib16_test_pm2_detection.csv (arm=moss_lib16_d090, detector=spectral_native_lib16, condition=clean, thr_fixed)",score > threshold,detected
moss,1,moss,text_eval_00434,KGW,moss_kgw_d2_s16,clean,audio/moss/text_eval_00434/clean/kgw.wav,runs/main/generate/moss/moss_kgw_d2_s16/natural/r0/TEST/shard3/clips/text_eval_00434/audio.wav,337b8e6cde63861fb27beec9f4d0f05671b8b218afb2468ca6710e3fb54825cc,moss_lib16/scores_pm2_mosslib16.csv,moss_kgw_s16,moss/moss_kgw_d2_s16/natural/text_eval_00434/r0,7.667913829661886,2.6049136355612528,"report/mosslib16/mosslib16_test_pm2_detection.csv (arm=moss_kgw_d2_s16, detector=moss_kgw_s16, condition=clean, thr_fixed)",score > threshold,detected
moss,1,moss,text_eval_00434,CRAW (post-hoc),posthoc_craw,clean,audio/moss/text_eval_00434/clean/craw.wav,runs/main/posthoc/moss/craw/clips/moss__posthoc_craw__natural__text_eval_00434__r0.wav,5aef16f023fe9f69dce147ada455e1ac5baff0419451f3fe960b01b4322eca33,detect/scores_posthoc.csv,craw,moss/posthoc_craw/natural/text_eval_00434/r0,1.0,0.9,"report/posthoc/posthoc_test.csv (backbone=moss, detector=craw, condition=clean, threshold)",score > threshold,detected
moss,2,moss,text_eval_00168,Unwatermarked,moss_null,clean,audio/moss/text_eval_00168/clean/null.wav,runs/main/generate/moss/moss_null/natural/r0/TEST/shard1/clips/text_eval_00168/audio.wav,a22d3a353b047271a1904a643ccf8572f4695c93cb58545a5bcfc7177cb4e5bd,,,,,,,,
moss,2,moss,text_eval_00168,Ours,moss_lib16_d090,clean,audio/moss/text_eval_00168/clean/ours.wav,runs/main/generate/moss/moss_lib16_d090/natural/r0/TEST/shard1/clips/text_eval_00168/audio.wav,14979080e2c79207b79387173583433dfe44db0fc7a5f98a706f72f21e0d76e4,moss_lib16/scores_pm2_mosslib16.csv,spectral_native_lib16,moss/moss_lib16_d090/natural/text_eval_00168/r0,23.813033880772952,2.961733821158714,"report/mosslib16/mosslib16_test_pm2_detection.csv (arm=moss_lib16_d090, detector=spectral_native_lib16, condition=clean, thr_fixed)",score > threshold,detected
moss,2,moss,text_eval_00168,KGW,moss_kgw_d2_s16,clean,audio/moss/text_eval_00168/clean/kgw.wav,runs/main/generate/moss/moss_kgw_d2_s16/natural/r0/TEST/shard1/clips/text_eval_00168/audio.wav,03881e5c123dabfa0a82aef43bef417495e29510e93ef7108add3d7e2c734dfe,moss_lib16/scores_pm2_mosslib16.csv,moss_kgw_s16,moss/moss_kgw_d2_s16/natural/text_eval_00168/r0,8.198784535669686,2.6049136355612528,"report/mosslib16/mosslib16_test_pm2_detection.csv (arm=moss_kgw_d2_s16, detector=moss_kgw_s16, condition=clean, thr_fixed)",score > threshold,detected
moss,2,moss,text_eval_00168,CRAW (post-hoc),posthoc_craw,clean,audio/moss/text_eval_00168/clean/craw.wav,runs/main/posthoc/moss/craw/clips/moss__posthoc_craw__natural__text_eval_00168__r0.wav,e6edbd340bed29525500873b0a8af346e25893a3c40e77feb37e53d5af38df26,detect/scores_posthoc.csv,craw,moss/posthoc_craw/natural/text_eval_00168/r0,1.0,0.9,"report/posthoc/posthoc_test.csv (backbone=moss, detector=craw, condition=clean, threshold)",score > threshold,detected
moss,3,moss,text_eval_00466,Unwatermarked,moss_null,clean,audio/moss/text_eval_00466/clean/null.wav,runs/main/generate/moss/moss_null/natural/r0/TEST/shard3/clips/text_eval_00466/audio.wav,4e01b7ac29b834a3bfd3075d14f243f46bb95de7ec57e7b0eb6b0bc391067682,,,,,,,,
moss,3,moss,text_eval_00466,Ours,moss_lib16_d090,clean,audio/moss/text_eval_00466/clean/ours.wav,runs/main/generate/moss/moss_lib16_d090/natural/r0/TEST/shard3/clips/text_eval_00466/audio.wav,d0e7508f4c7b5e0c7b9412f6a8340cebfec2ff4371d6e26b8160fd2e29c77d13,moss_lib16/scores_pm2_mosslib16.csv,spectral_native_lib16,moss/moss_lib16_d090/natural/text_eval_00466/r0,19.676835307111457,2.961733821158714,"report/mosslib16/mosslib16_test_pm2_detection.csv (arm=moss_lib16_d090, detector=spectral_native_lib16, condition=clean, thr_fixed)",score > threshold,detected
moss,3,moss,text_eval_00466,KGW,moss_kgw_d2_s16,clean,audio/moss/text_eval_00466/clean/kgw.wav,runs/main/generate/moss/moss_kgw_d2_s16/natural/r0/TEST/shard3/clips/text_eval_00466/audio.wav,9111309d3565c85275e84e1842d2a578407636d4212e521321d3aff5ef0f500c,moss_lib16/scores_pm2_mosslib16.csv,moss_kgw_s16,moss/moss_kgw_d2_s16/natural/text_eval_00466/r0,9.149692803745042,2.6049136355612528,"report/mosslib16/mosslib16_test_pm2_detection.csv (arm=moss_kgw_d2_s16, detector=moss_kgw_s16, condition=clean, thr_fixed)",score > threshold,detected
moss,3,moss,text_eval_00466,CRAW (post-hoc),posthoc_craw,clean,audio/moss/text_eval_00466/clean/craw.wav,runs/main/posthoc/moss/craw/clips/moss__posthoc_craw__natural__text_eval_00466__r0.wav,01676884036554b729f9f600cb5046c48c0cbe6aacd7941296231da2c13aa4eb,detect/scores_posthoc.csv,craw,moss/posthoc_craw/natural/text_eval_00466/r0,1.0,0.9,"report/posthoc/posthoc_test.csv (backbone=moss, detector=craw, condition=clean, threshold)",score > threshold,detected
robust_moss,As generated,moss,text_eval_00434,Unwatermarked,moss_null,clean,audio/robust_moss/text_eval_00434/clean/null.wav,runs/main/generate/moss/moss_null/natural/r0/TEST/shard3/clips/text_eval_00434/audio.wav,db7d9fc11f0788555544dcd58dbab5bffeebe551b857ba53885857eafc625b3e,,,,,,,,
robust_moss,As generated,moss,text_eval_00434,Ours,moss_lib16_d090,clean,audio/robust_moss/text_eval_00434/clean/ours.wav,runs/main/generate/moss/moss_lib16_d090/natural/r0/TEST/shard3/clips/text_eval_00434/audio.wav,7e31779ac0f20afc5262f305fa18fe93a9360073dde8ba29336f74a55d02145f,moss_lib16/scores_pm2_mosslib16.csv,spectral_native_lib16,moss/moss_lib16_d090/natural/text_eval_00434/r0,24.37855121222165,2.961733821158714,"report/mosslib16/mosslib16_test_pm2_detection.csv (arm=moss_lib16_d090, detector=spectral_native_lib16, condition=clean, thr_fixed)",score > threshold,detected
robust_moss,As generated,moss,text_eval_00434,KGW,moss_kgw_d2_s16,clean,audio/robust_moss/text_eval_00434/clean/kgw.wav,runs/main/generate/moss/moss_kgw_d2_s16/natural/r0/TEST/shard3/clips/text_eval_00434/audio.wav,337b8e6cde63861fb27beec9f4d0f05671b8b218afb2468ca6710e3fb54825cc,moss_lib16/scores_pm2_mosslib16.csv,moss_kgw_s16,moss/moss_kgw_d2_s16/natural/text_eval_00434/r0,7.667913829661886,2.6049136355612528,"report/mosslib16/mosslib16_test_pm2_detection.csv (arm=moss_kgw_d2_s16, detector=moss_kgw_s16, condition=clean, thr_fixed)",score > threshold,detected
robust_moss,MOSS-TTS codec (native) × 8,moss,text_eval_00434,Unwatermarked,moss_null,moss_resyn_x8,audio/robust_moss/text_eval_00434/moss_resyn_x8/null.wav,runs/main/attack_moss/resyn/moss_resyn/pass_8/moss__moss_null__natural__text_eval_00434__r0.wav,cb914a392ee443b83ed7a6f9c2dd721e69fe4d1fcd5e08278328c4ac244d9a29,,,,,,,,
robust_moss,MOSS-TTS codec (native) × 8,moss,text_eval_00434,Ours,moss_lib16_d090,moss_resyn_x8,audio/robust_moss/text_eval_00434/moss_resyn_x8/ours.wav,runs/main/attack_mosslib16/test/resyn/moss_resyn/pass_8/moss__moss_lib16_d090__natural__text_eval_00434__r0.wav,b26c80b19e4269f01bf90290c411a41965857cd25d9defcd3670cc1eb1761ab6,moss_lib16/scores_pm2_mosslib16.csv,spectral_native_lib16,moss/moss_lib16_d090/natural/text_eval_00434/r0,12.32376657339538,2.961733821158714,"report/mosslib16/mosslib16_test_pm2_detection.csv (arm=moss_lib16_d090, detector=spectral_native_lib16, condition=clean, thr_fixed)",score > threshold,detected
robust_moss,MOSS-TTS codec (native) × 8,moss,text_eval_00434,KGW,moss_kgw_d2_s16,moss_resyn_x8,audio/robust_moss/text_eval_00434/moss_resyn_x8/kgw.wav,runs/main/attack_moss16/resyn/moss_resyn/pass_8/moss__moss_kgw_d2_s16__natural__text_eval_00434__r0.wav,c40202ee868fd3cd0ce3b379a42cfb3be35f76be649fef73417b97828935717e,moss_lib16/scores_pm2_mosslib16.csv,moss_kgw_s16,moss/moss_kgw_d2_s16/natural/text_eval_00434/r0,2.172369390216752,2.6049136355612528,"report/mosslib16/mosslib16_test_pm2_detection.csv (arm=moss_kgw_d2_s16, detector=moss_kgw_s16, condition=clean, thr_fixed)",score > threshold,not detected
